id, title, text, subject, date
1, "Breaking: New Study Finds Coffee Extends Lifespan", "Researchers claim drinking 5 cups daily adds 10 years to your life", politics, 2024-01-15
2, "Celebrities Unite for Secret Project", "Multiple A-list actors spotted meeting in undisclosed location", entertainment, 2024-01-16
3, "Economic Boom Expected This Quarter", "Analysts predict 8% growth despite market concerns", business, 2024-01-17
4, "Tech Giant Announces Revolutionary Invention", "Company claims to have solved climate change with new device", science, 2024-01-18
5, "Local Hero Saves 100 People in One Day", "Unknown citizen rescues families from disaster", world, 2024-01-19
6, "Breakthrough in Medical Science", "New treatment cures previously incurable disease", science, 2024-01-20
7, "Stock Market Reaches All-Time High", "Investors celebrate unprecedented gains", business, 2024-01-21
8, "Celebrity Announces Surprise Wedding", "Famous actor marries mystery person", entertainment, 2024-01-22
9, "Government Passes Major Reform Bill", "New legislation changes healthcare system", politics, 2024-01-23
10, "Discovery of Lost Ancient City", "Archaeologists find previously unknown civilization", world, 2024-01-24
11, "Tech Company Breaks Profit Records", "Q4 earnings exceed all expectations", business, 2024-01-25
12, "Actor Wins Prestigious Award", "Performance receives standing ovation", entertainment, 2024-01-26
13, "Scientists Develop Sustainable Energy Solution", "New renewable technology promises clean power", science, 2024-01-27
14, "Political Leader Announces New Policy", "Administration introduces controversial initiative", politics, 2024-01-28
15, "International Summit Reaches Historic Agreement", "Nations unite on climate action", world, 2024-01-29
16, "Startup Raises Record Funding Round", "Company valued at $10 billion", business, 2024-01-30
17, "Music Festival Announces Lineup", "Top artists confirmed for summer event", entertainment, 2024-01-31
18, "Medical Researchers Make Genetic Breakthrough", "New technique improves patient outcomes", science, 2024-02-01
19, "Election Results Show Major Shift", "Voters approve referendum by large margin", politics, 2024-02-02
20, "Humanitarian Crisis Averted", "International aid reaches affected region", world, 2024-02-03
21, "Banking Sector Shows Strong Growth", "Financial institutions report record profits", business, 2024-02-04
22, "Film Festival Celebrates Independent Cinema", "Emerging directors showcase new works", entertainment, 2024-02-05
23, "Space Agency Announces Moon Mission", "Next phase of exploration begins", science, 2024-02-06
24, "Parliament Debates New Legislation", "Lawmakers discuss controversial proposals", politics, 2024-02-07
25, "Disaster Relief Efforts Underway", "Communities recover from natural disaster", world, 2024-02-08
26, "Stock Prices Surge for Tech Companies", "Market responds to positive earnings", business, 2024-02-09
27, "Celebrity Charity Event Raises Millions", "Fundraiser benefits multiple causes", entertainment, 2024-02-10
28, "Physics Team Solves Complex Problem", "Research advances theoretical understanding", science, 2024-02-11
29, "Government Announces Economic Stimulus", "New spending package targets growth", politics, 2024-02-12
30, "Peace Agreement Signed Between Nations", "Conflict resolution efforts succeed", world, 2024-02-13
31, "Corporate Merger Creates Industry Giant", "Two companies combine operations", business, 2024-02-14
32, "Award Show Breaks Viewership Records", "Broadcast reaches millions of viewers", entertainment, 2024-02-15
33, "Laboratory Discovers New Element", "Periodic table potentially expanded", science, 2024-02-16
34, "New Trade Deal Signed", "Countries agree to expanded commerce", politics, 2024-02-17
35, "Refugee Crisis Reaches Critical Point", "Humanitarian organizations respond", world, 2024-02-18
36, "Real Estate Market Booms", "Property values increase significantly", business, 2024-02-19
37, "Musicians Collaborate on New Album", "Artists release surprise project", entertainment, 2024-02-20
38, "Environmental Study Shows Positive Trends", "Conservation efforts prove effective", science, 2024-02-21
39, "New Tax Policy Announced", "Administration proposes rate changes", politics, 2024-02-22
40, "Earthquake Strikes Major City", "Emergency response teams mobilize", world, 2024-02-23
41, "Retail Sales Exceed Projections", "Consumer spending remains strong", business, 2024-02-24
42, "Concert Tour Announced", "Artist schedules worldwide performances", entertainment, 2024-02-25
43, "Vaccine Development Accelerated", "Clinical trials show positive results", science, 2024-02-26
44, "Political Rally Draws Large Crowds", "Candidate addresses supporters", politics, 2024-02-27
45, "Volcanic Eruption Disrupts Region", "Evacuations ordered for safety", world, 2024-02-28
46, "Company Stock Split Announced", "Investor relations department confirms news", business, 2024-02-29
47, "TV Series Renewed for Multiple Seasons", "Network confirms popular show continuation", entertainment, 2024-03-01
48, "Cancer Research Team Publishes Findings", "Study offers new therapeutic approaches", science, 2024-03-02
49, "Reform Bill Passes Congress", "Lawmakers approve major legislation", politics, 2024-03-03
50, "Border Negotiations Conclude", "Countries reach agreement on trade", world, 2024-03-04
51, "Banking App Launches Successfully", "Fintech startup enters market", business, 2024-03-05
52, "Actor Returns to Acting", "Star prepares for major film role", entertainment, 2024-03-06
53, "Climate Report Released", "Scientists warn of acceleration", science, 2024-03-07
54, "Presidential Debate Scheduled", "Candidates prepare for confrontation", politics, 2024-03-08
55, "Hurricane Season Forecast", "Meteorologists predict active year", world, 2024-03-09
56, "Cryptocurrency Reaches New Peak", "Digital assets surge in value", business, 2024-03-10
57, "Theater Opens After Renovation", "Historic venue reopens to public", entertainment, 2024-03-11
58, "AI Research Team Publishes Paper", "Machine learning advances breakthrough", science, 2024-03-12
59, "Education Reform Bill Introduced", "Lawmakers propose system changes", politics, 2024-03-13
60, "Tsunami Warning Issued", "Coastal areas prepare for waves", world, 2024-03-14
61, "Earnings Report Shows Growth", "Company exceeds analyst expectations", business, 2024-03-15
62, "Director Announces New Project", "Filmmaker reveals upcoming production", entertainment, 2024-03-16
63, "DNA Study Reveals Ancient History", "Genetic research uncovers origins", science, 2024-03-17
64, "Constitutional Amendment Proposed", "Lawmakers debate fundamental changes", politics, 2024-03-18
65, "Flood Waters Recede", "Communities begin cleanup efforts", world, 2024-03-19
66, "IPO Scheduled for Spring", "Startup plans public market entry", business, 2024-03-20
67, "Museum Exhibition Opens", "Cultural institution showcases artifacts", entertainment, 2024-03-21
68, "Quantum Computing Breakthrough Announced", "Research advances machine capabilities", science, 2024-03-22
69, "Senate Confirms New Judge", "Judicial appointment approved", politics, 2024-03-23
70, "Aid Organizations Deploy Teams", "Humanitarian response mobilizes", world, 2024-03-24
71, "Market Analysis Predicts Growth", "Economists forecast positive trends", business, 2024-03-25
72, "Book Adaptation Released", "Author's novel comes to screen", entertainment, 2024-03-26
73, "Botany Research Discovers Species", "Scientists identify new plant", science, 2024-03-27
74, "Legislative Session Ends", "Lawmakers conclude session", politics, 2024-03-28
75, "International Aid Conference Held", "Nations discuss cooperation", world, 2024-03-29
76, "Venture Capital Fund Launches", "Investors commit significant capital", business, 2024-03-30
77, "Gallery Exhibition Attracts Crowds", "Artists display contemporary works", entertainment, 2024-03-31
78, "Neuroscience Study Published", "Brain research yields insights", science, 2024-04-01
79, "Party Convention Draws Delegates", "Political gathering captures attention", politics, 2024-04-02
80, "Infrastructure Project Begins", "Construction team starts major work", world, 2024-04-03
81, "Merger Anticipated by Month End", "Companies near completion", business, 2024-04-04
82, "Musical Performance Scheduled", "Orchestra announces concert series", entertainment, 2024-04-05
83, "Astronomy Team Observes Phenomenon", "Telescope detects unusual event", science, 2024-04-06
84, "Impeachment Inquiry Opens", "Evidence examination begins", politics, 2024-04-07
85, "Wildlife Sanctuary Established", "Protected area creates habitat", world, 2024-04-08
86, "Acquisition Deal Closes", "Companies conclude combination", business, 2024-04-09
87, "Festival Celebrates Culture", "Community gathers for celebration", entertainment, 2024-04-10
88, "Materials Science Advances", "Researchers develop stronger composite", science, 2024-04-11
89, "Supreme Court Rules on Case", "Justices issue important decision", politics, 2024-04-12
90, "Peace Corps Expands Operations", "Organization adds new locations", world, 2024-04-13
91, "Portfolio Performance Exceeds Benchmarks", "Investment returns impress analysts", business, 2024-04-14
92, "Documentary Wins Critical Acclaim", "Film receives prestigious recognition", entertainment, 2024-04-15
93, "Seismic Activity Monitored", "Geological survey tracks tremors", science, 2024-04-16
94, "Labor Agreement Reached", "Union and management settle contract", politics, 2024-04-17
95, "Poverty Reduction Program Succeeds", "Initiative lifts communities", world, 2024-04-18
96, "Quarterly Revenue Increases", "Sales growth outpaces expectations", business, 2024-04-19
97, "Fashion Week Concludes", "Designers present new collections", entertainment, 2024-04-20
98, "Archaeological Dig Yields Artifacts", "Excavation uncovers treasures", science, 2024-04-21
99, "Civil Rights Bill Advances", "Legislation moves through committee", politics, 2024-04-22
100, "International Forum Addresses Issues", "Global leaders discuss cooperation", world, 2024-04-23
101, "Financial Services Report Released", "Sector analysis shows health", business, 2024-04-24
102, "Comedy Show Benefits Charity", "Entertainer raises funds for cause", entertainment, 2024-04-25
103, "Biomedical Research Initiative Launched", "Institution announces new program", science, 2024-04-26
104, "Budget Proposal Submitted", "Executive branch outlines spending", politics, 2024-04-27
105, "Disaster Recovery Progresses", "Region rebuilds infrastructure", world, 2024-04-28