id,title,text,subject,date
1,"Global Climate Summit Reaches Historic Agreement","World leaders signed a binding agreement to reduce carbon emissions by 45% by 2030. The pact includes funding mechanisms for developing nations.",climate,2026-02-20
2,"FDA Approves New Treatment for Alzheimer's Disease","Regulatory agency gives green light to lecanemab, a monoclonal antibody shown to slow cognitive decline in early-stage patients.",health,2026-02-18
3,"Tesla Reports Record Quarterly Earnings","Electric vehicle manufacturer surpasses analyst expectations with $25.4 billion in quarterly revenue.",business,2026-02-15
4,"Wimbledon 2026 Draw Announced","Tournament organizers release seedings for the upcoming Grand Slam event. Defending champion Djokovic faces top seed Sinner.",sports,2026-02-14
5,"European Parliament Passes Digital Rights Bill","New legislation aims to strengthen data privacy protections for citizens across EU member states.",politics,2026-02-13
6,"Major Archaeological Discovery in Egypt","Archaeologists uncover previously unknown tomb near the Valley of the Kings dating back 3,400 years.",science,2026-02-12
7,"Amazon Expands Same-Day Delivery Service","E-commerce giant announces expansion to 500 new cities for one-day shipping.",business,2026-02-11
8,"Nobel Prize Winner Delivers Keynote on Quantum Computing","Esteemed physicist discusses breakthrough applications in cryptography and artificial intelligence.",science,2026-02-10
9,"International Space Station Hosts Record Number of Astronauts","Twelve space explorers conduct experiments in microgravity environment.",science,2026-02-09
10,"New Cancer Screening Method Shows 99% Accuracy","Research team develops blood test that detects multiple cancer types at early stages.",health,2026-02-08
11,"Stock Market Reaches All-Time High","S&P 500 closes at 6,850 points after sustained economic growth.",business,2026-02-07
12,"Olympics Preparation Accelerates in Host City","Construction crews finalize venues as opening ceremony approaches.",sports,2026-02-06
13,"Congressional Committee Launches Investigation into Tech Monopolies","Lawmakers subpoena major platform executives to testify about market practices.",politics,2026-02-05
14,"Renewable Energy Installations Hit New Record","Global solar and wind capacity reaches 2,500 gigawatts for the first time.",climate,2026-02-04
15,"University Study Confirms Brain Plasticity Benefits from Exercise","Researchers find physical activity strengthens neural connections in aging adults.",health,2026-02-03
16,"Major Film Festival Awards Best Picture Prize","Critical acclaim goes to indie drama about climate refugees.",entertainment,2026-02-02
17,"Central Bank Raises Interest Rates Again","Monetary policy adjustment targets persistent inflation concerns.",business,2026-02-01
18,"World Cup Qualifiers Produce Shocking Upsets","Underdog nations advance to tournament as favorites eliminated.",sports,2026-01-31
19,"New Law Protects Gig Workers' Rights","Legislation ensures access to benefits for contract employees.",politics,2026-01-30
20,"Breakthrough in Malaria Prevention Launched","New vaccine demonstrates 95% efficacy in clinical trials across Africa.",health,2026-01-29
21,"Historic Trade Deal Signed Between Nations","Countries eliminate tariffs on 10,000 product categories starting next quarter.",business,2026-01-28
22,"Arctic Ice Measurements Show Critical Decline","Scientific data reveals concerning acceleration of ice sheet melting.",climate,2026-01-27
23,"Grammy Awards Celebrate Diverse Musical Talent","Emerging artists win major categories in highly competitive year.",entertainment,2026-01-26
24,"Supreme Court Upholds Landmark Environmental Ruling","Decision reinforces protection of endangered species habitats.",politics,2026-01-25
25,"Artificial Intelligence Passes Medical Board Exam","AI system demonstrates clinical knowledge comparable to human physicians.",science,2026-01-24
26,"Marathon World Record Shattered","Kenyan runner completes race in 2 hours 1 minute 9 seconds.",sports,2026-01-23
27,"Quantum Computer Solves Previously Unsolvable Problem","Research facility demonstrates practical application in drug discovery.",science,2026-01-22
28,"New Heart Disease Treatment Extends Life Expectancy","Cardiovascular breakthrough offers hope to millions of patients worldwide.",health,2026-01-21
29,"Tech Company Launches Revolutionary Voice Assistant","AI-powered device understands context and natural conversation patterns.",business,2026-01-20
30,"Antarctic Expedition Discovers New Species","Marine biologists identify fifteen previously unknown aquatic organisms.",science,2026-01-19
31,"National Unemployment Rate Drops to 3.2%","Labor statistics show strongest job market in five years.",business,2026-01-18
32,"International Gaming Championship Draws Record Audience","Esports tournament attracts 40 million online viewers worldwide.",entertainment,2026-01-17
33,"Genetic Engineering Cures Hereditary Blindness","Gene therapy restores vision in first human trial participants.",health,2026-01-16
34,"Election Commission Certifies Results","Official certification concludes three-month verification process.",politics,2026-01-15
35,"Ocean Cleanup Initiative Removes Tons of Plastic","Non-profit organization deploys advanced technology in Pacific Ocean.",climate,2026-01-14
36,"Biotech Firm Develops Lab-Grown Meat Product","Cultivated protein receives regulatory approval for consumer sale.",science,2026-01-13
37,"Film Director Wins Golden Globe","International recognition for directorial achievement and storytelling.",entertainment,2026-01-12
38,"Major Highway Completes Expansion Project","Infrastructure improvement reduces commute times by 35 percent.",politics,2026-01-11
39,"Tennis Grand Slam Won by Unseeded Player","Shocking upset delivered at Australian Open championship.",sports,2026-01-10
40,"Pension System Receives Major Funding Injection","Government allocates billions to strengthen long-term pension security.",politics,2026-01-09
41,"Virtual Reality Medical Training Proves Effective","Surgeons using VR simulations show improved surgical outcomes.",health,2026-01-08
42,"Corporate Merger Creates Industry Giant","Two companies combine operations in $180 billion deal.",business,2026-01-07
43,"Wildlife Migration Patterns Shift Due to Climate","Biologists observe animals adapting routes to changing temperatures.",climate,2026-01-06
44,"Music Streaming Service Reaches 1 Billion Users","Platform celebrates major milestone in digital entertainment.",business,2026-01-05
45,"Sustainable Fashion Week Showcases Innovations","Designers present eco-friendly collections using recycled materials.",entertainment,2026-01-04
46,"Bridge Infrastructure Undergoes Major Repairs","Modernization project ensures safety for millions of daily commuters.",politics,2026-01-03
47,"Basketball Championship Finals Set Records","Games attract largest television audience in league history.",sports,2026-01-02
48,"Drought Conditions Worsen in Mexico","Water shortage threatens agricultural production and urban supplies.",climate,2026-01-01
49,"Immunotherapy Shows Promise for Lung Cancer","New treatment approach extends survival rates significantly for patients.",health,2025-12-31
50,"Space Agency Plans Lunar Base Construction","Ambitious project aims to establish permanent human presence on Moon.",science,2025-12-30
51,"Education System Implements AI Tutoring Nationwide","Schools adopt personalized learning technology across all grade levels.",business,2025-12-29
52,"Political Leaders Meet for Trade Negotiations","Discussions focus on reducing barriers and increasing commerce.",politics,2025-12-28
53,"Basketball Star Signs Record Contract","Player becomes highest-paid athlete in franchise history.",sports,2025-12-27
54,"Vaccine Distribution Campaign Reaches Milestone","Public health initiative immunizes 80 percent of target population.",health,2025-12-26
55,"Concert Tour Becomes Highest-Grossing Event","Musical artist breaks previous revenue records with sold-out shows.",entertainment,2025-12-25
56,"AI Research Institute Receives Funding Grant","Scientists awarded $500 million for advanced machine learning studies.",science,2025-12-24
57,"Coral Reef Restoration Succeeds Beyond Expectations","Marine conservation effort regenerates damaged ecosystem regions.",climate,2025-12-23
58,"Pharmaceutical Company Announces Drug Pipeline Success","Multiple medications advance through clinical trial phases.",health,2025-12-22
59,"Cryptocurrency Market Shows Stabilization Signs","Digital asset values become less volatile amid regulatory clarity.",business,2025-12-21
60,"International Summit Addresses Cybersecurity Threats","Nations commit to shared protocols for defending critical infrastructure.",politics,2025-12-20
61,"Baseball Spring Training Begins Across League","Teams prepare for upcoming season with player evaluations.",sports,2025-12-19
62,"Documentary Wins Best Picture at Awards Ceremony","Film about environmental crisis receives critical acclaim.",entertainment,2025-12-18
63,"Agricultural Innovation Increases Crop Yields","New farming techniques reduce water usage by 40 percent.",climate,2025-12-17
64,"Hospital Adopts Robotic Surgery Technology","Advanced equipment enables more precise surgical procedures.",health,2025-12-16
65,"Startup Achieves Unicorn Valuation Status","Technology company reaches $1 billion market value.",business,2025-12-15
66,"Parliament Passes Education Reform Bill","Legislation modernizes curriculum and teacher training requirements.",politics,2025-12-14
67,"Swimming Records Fall at National Championships","Athletes create five new competition standards in respective events.",sports,2025-12-13
68,"Museum Opens Restored Ancient Artifacts Exhibition","Conservators complete multi-year restoration of priceless cultural treasures.",entertainment,2025-12-12
69,"Seismic Activity Monitored at Volcanic Site","Scientists track underground tremors and gas emissions closely.",science,2025-12-11
70,"Green Building Standards Adopted Industry-Wide","Developers commit to sustainable construction practices.",climate,2025-12-10
71,"Mental Health Services Expand in Rural Areas","Government funds telehealth initiatives for underserved communities.",health,2025-12-09
72,"Hotel Chain Expands Global Operations","Hospitality company opens 50 new properties across continents.",business,2025-12-08
73,"Trade Agreement Ratified by Both Parliaments","Bilateral accord reduces tariffs on agricultural products.",politics,2025-12-07
74,"Olympic Athletes Begin Training Camps","Preparation intensifies as international games approach.",sports,2025-12-06
75,"Streaming Platform Releases Award-Nominated Series","Original drama receives multiple critical nominations.",entertainment,2025-12-05
76,"Nanotechnology Application Advances Medical Devices","Researchers develop microscopic technology for targeted treatment.",science,2025-12-04
77,"Carbon Capture Technology Deployed at Scale","Industrial facility successfully reduces atmospheric greenhouse gases.",climate,2025-12-03
78,"Clinical Trial Results Exceed Expectations","New diabetes medication shows superior efficacy compared to alternatives.",health,2025-12-02
79,"Financial Institution Reports Strong Quarterly Results","Bank exceeds profit forecasts amid economic growth.",business,2025-12-01
80,"Constitutional Amendment Advances Through Vote","Proposal receives support from required super-majority.",politics,2025-11-30
81,"Soccer League Season Reaches Midpoint","Teams compete intensely for playoff positioning.",sports,2025-11-29
82,"Art Exhibition Features Contemporary Masterpieces","Gallery showcases emerging artists alongside established masters.",entertainment,2025-11-28
83,"Genome Sequencing Technology Becomes Faster and Cheaper","Innovations reduce costs and processing time significantly.",science,2025-11-27
84,"Wetland Restoration Project Exceeds Conservation Goals","Habitat recovery supports endangered bird populations.",climate,2025-11-26
85,"Surgical Innovation Reduces Recovery Time","New procedure technique allows faster patient rehabilitation.",health,2025-11-25
86,"Logistics Company Invests in Automation","Fleet modernization improves delivery efficiency and sustainability.",business,2025-11-24
87,"Diplomatic Summit Concludes with Historic Agreement","Nations resolve longstanding territorial disputes peacefully.",politics,2025-11-23
88,"Winter Sports Championships Draw Global Audience","Competition showcases athletic excellence in extreme conditions.",sports,2025-11-22
89,"Broadway Production Celebrates Long-Running Success","Musical continues sold-out performances after 15 years.",entertainment,2025-11-21
90,"Particle Physics Discovery Challenges Existing Theory","Research findings suggest modifications to fundamental physics models.",science,2025-11-20
91,"Renewable Energy Grid Operates Without Fossil Fuels","First day of complete clean energy production achieved.",climate,2025-11-19
92,"Fertility Treatment Success Rates Reach Record Levels","Reproductive medicine advances provide hope to many couples.",health,2025-11-18
93,"E-commerce Platform Surpasses Traditional Retail Sales","Digital commerce continues growing at accelerated pace.",business,2025-11-17
94,"Foreign Policy Initiative Strengthens International Alliances","Diplomatic engagement improves regional stability.",politics,2025-11-16
95,"Athletics Records Broken at Meet","Track and field stars produce exceptional performances.",sports,2025-11-15
96,"Literary Award Goes to Debut Author","First-time writer receives prestigious recognition.",entertainment,2025-11-14
97,"Biodiversity Index Shows Slight Improvement","Conservation efforts begin reversing species decline trends.",climate,2025-11-13
98,"Pediatric Hospital Opens New Research Wing","Facility expands capacity for childhood disease studies.",health,2025-11-12
99,"Software Company Announces Major Product Update","New features enhance user experience and functionality.",business,2025-11-11
100,"Senate Confirms Cabinet Member Nomination","Appointee wins legislative approval after confirmation hearing.",politics,2025-11-10
101,"Tennis Pro Wins Third Consecutive Major Championship","Player solidifies status among sport's greatest athletes.",sports,2025-11-09
102,"Jazz Festival Attracts International Musicians","Festival celebrates diverse musical styles and traditions.",entertainment,2025-11-08
103,"Ocean Temperature Monitoring Reveals Warming Trend","Scientists document rate of change in marine environments.",climate,2025-11-07
104,"New Antibiotic Effective Against Resistant Bacteria","Pharmaceutical breakthrough addresses critical infection challenges.",health,2025-11-06
105,"Venture Capital Funding Reaches Record Levels","Investors allocate billions to promising startups.",business,2025-11-05
106,"Constitutional Court Rules on Voting Rights Case","Landmark decision affects future electoral procedures.",politics,2025-11-04